"vtkOriginalPointIds","Points:0","Points:1","Points:2"
2,-6.000000953674316,-0.9999998211860657,-1.0
3,-5.999998092651367,1.0000003576278687,-1.0
6,-6.000001907348633,-0.9999996423721313,1.0
7,-5.999999523162842,1.0,1.0
41,-5.999999046325684,2.980232238769531e-07,-1.0
42,-6.000001430511475,-0.9999997615814209,0.0
43,-5.999998569488525,1.000000238418579,0.0
47,-6.000000953674316,1.7881393432617188e-07,1.0
133,-6.0,2.384185791015625e-07,0.0
