{
    "blender": {
        "surf": "beam",
        "input_format": "vtk"
    },
    "material": {
        "Young": 3000.0,
        "Poisson": 0.44999998807907104,
        "w_coll": 1.2999999523162842,
        "thickness": 0.10000000149011612,
        "k_damp": 0,
        "m_damp": 5,
        "constitutive": "linear"
    },
    "Solver_option": {
        "Solver": "Eigen",
        "Maxits": 20,
        "Dynamics": true
    },
    "common": {
        "time_step": 0.009999999776482582,
        "frame_rate": 20,
        "total_time": 0.0,
        "density": 5.0,
        "gravity": 9.800000190734863
    }
}